partner	run	offer	n	mean	sd	q025	median	q975
computer	1	1	136	0.30494485294117646	0.19782954577611833	0.0	0.3161764705882353	0.6764705882352942
computer	1	2	121	0.3973553719008265	0.22845127931956158	0.008264462809917356	0.4214876033057851	0.7933884297520661
computer	1	3	129	0.49556201550387596	0.24855719033529436	0.015503875968992248	0.5348837209302325	0.8992248062015504
computer	1	4	122	0.5872131147540983	0.25199424964538425	0.04918032786885246	0.6147540983606558	0.9592213114754096
computer	1	5	73	0.6631506849315069	0.24484625864698936	0.10924657534246576	0.684931506849315	0.9863013698630136
computer	1	6	71	0.7351408450704225	0.22209216683469835	0.19683098591549297	0.7887323943661971	1.0
computer	1	7	133	0.7925939849624061	0.18989879137023452	0.3381578947368421	0.8533834586466165	1.0
computer	1	8	135	0.8450185185185185	0.1556571967317151	0.5037037037037037	0.9111111111111111	1.0
computer	1	9	125	0.8821000000000001	0.13438656926940282	0.5514000000000001	0.936	1.0
computer	1	10	117	0.9026068376068378	0.12557529968744566	0.5638888888888889	0.9572649572649573	1.0
computer	2	1	125	0.30058	0.1944542712310532	0.0	0.304	0.632
computer	2	2	108	0.3955324074074074	0.22990345340307483	0.009259259259259259	0.4074074074074074	0.815046296296296
computer	2	3	104	0.4907692307692308	0.24761872563282378	0.019230769230769232	0.5096153846153846	0.9038461538461539
computer	2	4	125	0.5837	0.25372061406200325	0.04	0.608	0.96
computer	2	5	65	0.6656538461538462	0.2463921652821494	0.12269230769230773	0.6923076923076923	0.9846153846153847
computer	2	6	66	0.7341287878787878	0.22226180167215598	0.19696969696969696	0.7878787878787878	1.0
computer	2	7	121	0.7973347107438016	0.18622468180098364	0.35454545454545455	0.8512396694214877	1.0
computer	2	8	129	0.8460077519379845	0.15723670215944877	0.49612403100775193	0.9069767441860465	1.0
computer	2	9	111	0.883018018018018	0.13435654836104158	0.5495495495495496	0.9459459459459459	1.0
computer	2	10	100	0.9059999999999999	0.12239281024635393	0.57975	0.96	1.0
similar	1	1	122	0.3116188524590164	0.20183703386407717	0.0	0.3319672131147541	0.6475409836065574
similar	1	2	126	0.40553571428571433	0.23713868615650477	0.007936507936507936	0.4444444444444444	0.809722222222222
similar	1	3	124	0.4990120967741936	0.2584274783381669	0.016129032258064516	0.5161290322580645	0.9354838709677419
similar	1	4	131	0.5843129770992367	0.2581380952274968	0.05305343511450384	0.6030534351145038	0.9620229007633586
similar	1	5	68	0.6730514705882352	0.24400176366694126	0.1169117647058824	0.7058823529411765	1.0
similar	1	6	70	0.7411428571428571	0.21736623848393077	0.22821428571428573	0.7714285714285715	1.0
similar	1	7	135	0.8002037037037035	0.1840113528659009	0.3774074074074074	0.8444444444444444	1.0
similar	1	8	108	0.8467592592592592	0.15462755044066762	0.48125	0.8981481481481481	1.0
similar	1	9	120	0.8804166666666666	0.13172928363377168	0.5416666666666666	0.925	1.0
similar	1	10	106	0.9036320754716982	0.11995748586814553	0.5846698113207547	0.9528301886792453	1.0
similar	2	1	126	0.3098015873015873	0.20173547469662045	0.0	0.3333333333333333	0.643253968253968
similar	2	2	111	0.4028603603603603	0.23560887242151282	0.009009009009009009	0.44144144144144143	0.8200450450450448
similar	2	3	104	0.49706730769230767	0.25724648845942316	0.019230769230769232	0.5096153846153846	0.9134615384615384
similar	2	4	122	0.5851229508196721	0.2537546293544987	0.04918032786885246	0.610655737704918	0.9672131147540983
similar	2	5	65	0.6660384615384615	0.2383681920274058	0.12269230769230773	0.7	0.9849999999999997
similar	2	6	73	0.7421917808219177	0.21743640185912622	0.23253424657534247	0.7945205479452054	1.0
similar	2	7	125	0.8001999999999999	0.1831998908296618	0.3436	0.848	1.0
similar	2	8	131	0.8458015267175573	0.15383242017116233	0.5036259541984732	0.8931297709923665	1.0
similar	2	9	130	0.8827307692307693	0.12935089997925714	0.5382692307692307	0.9307692307692308	1.0
similar	2	10	122	0.9065778688524592	0.12003775657640725	0.5645491803278688	0.9549180327868851	1.0
dissimilar	1	1	107	0.30334112149532705	0.1987005109939672	0.0	0.32710280373831774	0.6542056074766355
dissimilar	1	2	109	0.39472477064220185	0.22768183542014908	0.008944954128440381	0.44036697247706424	0.8165137614678899
dissimilar	1	3	117	0.4889529914529915	0.25099035976451045	0.02564102564102564	0.5299145299145299	0.906196581196581
dissimilar	1	4	125	0.57706	0.2481844402858487	0.072	0.608	0.952
dissimilar	1	5	64	0.6587109375	0.23678845598589385	0.12460937500000002	0.6875	0.984375
dissimilar	1	6	66	0.7315530303030303	0.21696456197897643	0.2268939393939394	0.7727272727272727	1.0
dissimilar	1	7	127	0.7952362204724409	0.1785240941489534	0.41692913385826774	0.8503937007874016	1.0
dissimilar	1	8	131	0.841851145038168	0.154051531103019	0.4959923664122137	0.9007633587786259	1.0
dissimilar	1	9	100	0.879675	0.13424658049648788	0.55	0.935	1.0
dissimilar	1	10	105	0.9003333333333333	0.12572827303139014	0.570952380952381	0.9571428571428571	1.0
dissimilar	2	1	133	0.30304511278195484	0.19747644376494308	0.0	0.3120300751879699	0.6541353383458647
dissimilar	2	2	114	0.3948684210526316	0.22900865869808282	0.008552631578947381	0.4298245614035088	0.8157894736842105
dissimilar	2	3	136	0.48586397058823527	0.2455630814159096	0.029411764705882353	0.5147058823529411	0.904595588235294
dissimilar	2	4	129	0.5749612403100776	0.24974731536326467	0.07732558139534884	0.5891472868217055	0.9534883720930233
dissimilar	2	5	77	0.6619480519480518	0.24050499942381565	0.12987012987012986	0.6948051948051948	0.987012987012987
dissimilar	2	6	69	0.7329347826086956	0.21425257986641863	0.2463768115942029	0.7681159420289855	1.0
dissimilar	2	7	136	0.7929595588235293	0.18336600323213642	0.4261029411764706	0.8529411764705882	1.0
dissimilar	2	8	143	0.8441608391608392	0.1543006279919779	0.4965034965034965	0.9020979020979021	1.0
dissimilar	2	9	111	0.8778378378378379	0.13686620980509923	0.5313063063063064	0.9369369369369369	1.0
dissimilar	2	10	120	0.9004375000000002	0.12430354417211924	0.5997916666666666	0.9583333333333334	1.0
