offer	age_group	similarity	offer_c	linear_predictor	linear_predictor_se	predicted_probability	conf_low	conf_high
1	younger	dissimilar	-4.48918431726003	-4.40437349081798	1.55822414401272	0.0120761463727269	0.000576192258177075	0.205828821459549
1.1	younger	dissimilar	-4.38918431726003	-4.22424466693554	1.54572311670784	0.0144252523221845	0.000706936888572491	0.232432358164841
1.2	younger	dissimilar	-4.28918431726003	-4.04411584305309	1.53348739113093	0.0172233502937277	0.000866872736191673	0.261443277958298
1.3	younger	dissimilar	-4.18918431726003	-3.86398701917065	1.52152336777384	0.0205528830783616	0.00106238832022986	0.292804661312871
1.4	younger	dissimilar	-4.08918431726003	-3.6838581952882	1.50983750559385	0.0245100123378779	0.00130123458009928	0.326385963112781
1.5	younger	dissimilar	-3.98918431726003	-3.50372937140576	1.49843631249566	0.0292063049194371	0.00159280507527279	0.361976875296851
1.6	younger	dissimilar	-3.88918431726003	-3.32360054752332	1.48732633493967	0.034770366534337	0.001948470573719	0.399286015492023
1.7	younger	dissimilar	-3.78918431726003	-3.14347172364087	1.4765141466631	0.0413492825050214	0.00238197746177831	0.437945586321818
1.8	younger	dissimilar	-3.68918431726003	-2.96334289975843	1.46600633650718	0.0491096641628758	0.0029099206041536	0.477522540237752
1.9	younger	dissimilar	-3.58918431726003	-2.78321407587598	1.4558094953509	0.0582380246924147	0.0035523024310396	0.517535938493479
2	younger	dissimilar	-3.48918431726003	-2.60308525199354	1.44593020216061	0.0689401225303742	0.00433319100937227	0.55747925427636
2.1	younger	dissimilar	-3.38918431726003	-2.42295642811109	1.43637500917356	0.0814388214530473	0.00528149048144947	0.596845540209317
2.2	younger	dissimilar	-3.28918431726003	-2.24282760422865	1.42715042624391	0.0959699391661617	0.0064318372518749	0.635152861904798
2.3	younger	dissimilar	-3.18918431726003	-2.06269878034621	1.41826290439035	0.112775515347346	0.00782563427607536	0.671967329134055
2.4	younger	dissimilar	-3.08918431726003	-1.88256995646376	1.40971881859576	0.13209396182785	0.00951223319182713	0.706921456907057
2.5	younger	dissimilar	-2.98918431726003	-1.70244113258132	1.4015244499216	0.15414670799916	0.0115502690722814	0.739726358910679
2.6	younger	dissimilar	-2.88918431726003	-1.52231230869887	1.39368596701151	0.179121272536313	0.0140091442405804	0.770177225772676
2.7	younger	dissimilar	-2.78918431726003	-1.34218348481643	1.38620940707141	0.207151214597701	0.0169706445481758	0.798152456965955
2.8	younger	dissimilar	-2.68918431726003	-1.16205466093398	1.37910065642559	0.238294143046151	0.0205306521391717	0.823607524675164
2.9	younger	dissimilar	-2.58918431726003	-0.98192583705154	1.37236543076012	0.272509822670399	0.0248008910779173	0.846565057986832
3	younger	dissimilar	-2.48918431726003	-0.801797013169096	1.36600925517694	0.30964125161786	0.0299106042439277	0.8671027405926
3.1	younger	dissimilar	-2.38918431726003	-0.621668189286651	1.36003744419206	0.349402142957256	0.0360080097166734	0.885340474754489
3.2	younger	dissimilar	-2.28918431726003	-0.441539365404207	1.35445508182131	0.391374230481789	0.0432613213867366	0.901427970501805
3.3	younger	dissimilar	-2.18918431726003	-0.261410541521763	1.34926700190526	0.435016997515586	0.0518590424273159	0.915533564401472
3.4	younger	dissimilar	-2.08918431726003	-0.0812817176393181	1.34447776883108	0.479690750815359	0.0620091555146281	0.927834729347474
3.5	younger	dissimilar	-1.98918431726003	0.0988471062431255	1.34009165881416	0.524691675151053	0.0739367495776649	0.938510450487073
3.6	younger	dissimilar	-1.88918431726003	0.27897593012557	1.33611264190461	0.569295141705918	0.0878795563187739	0.9477354315296
3.7	younger	dissimilar	-1.78918431726003	0.459104754008014	1.33254436488361	0.612801777430429	0.104080847426264	0.955675960045772
3.8	younger	dissimilar	-1.68918431726003	0.639233577890459	1.32939013521259	0.654580189298578	0.122779202228163	0.962487188576322
3.9	younger	dissimilar	-1.58918431726003	0.819362401772903	1.32665290619278	0.694100978942295	0.144194839811066	0.968311564557272
4	younger	dissimilar	-1.48918431726003	0.999491225655347	1.32433526348531	0.73095853576397	0.168512562163076	0.973278150392814
4.1	younger	dissimilar	-1.38918431726003	1.17962004953779	1.32243941313142	0.764879480782454	0.195861900211983	0.977502602079287
4.2	younger	dissimilar	-1.28918431726003	1.35974887342024	1.32096717119986	0.795718880035435	0.226295774583981	0.981087610545563
4.3	younger	dissimilar	-1.18918431726003	1.53987769730268	1.31991995517299	0.823446945304511	0.259769790356981	0.984123647503991
4.4	younger	dissimilar	-1.08918431726003	1.72000652118512	1.31929877716601	0.848129676311248	0.296125008136381	0.986689892964514
4.5	younger	dissimilar	-0.989184317260027	1.90013534506757	1.31910423905441	0.86990684325997	0.335077428855106	0.988855252508995
4.6	younger	dissimilar	-0.889184317260027	2.08026416895001	1.31933652956424	0.888970110038597	0.37621723888009	0.99067939816082
4.7	younger	dissimilar	-0.789184317260027	2.26039299283246	1.31999542335784	0.905543250920473	0.419019913437474	0.992213787255468
4.8	younger	dissimilar	-0.689184317260026	2.4405218167149	1.32108028212535	0.919865560884438	0.462869596611392	0.993502629613488
4.9	younger	dissimilar	-0.589184317260027	2.62065064059735	1.32259005766976	0.932178852426698	0.507093056017843	0.994583785229127
5	younger	dissimilar	-0.489184317260027	2.80077946447979	1.32452329695068	0.942717930361238	0.551000465368804	0.995489583348338
5.1	younger	dissimilar	-0.389184317260026	2.98090828836223	1.32687814903067	0.951704136409443	0.593927879446882	0.996247559905055
5.2	younger	dissimilar	-0.289184317260027	3.16103711224468	1.32965237384691	0.959341418746694	0.635275956564575	0.996881114412416
5.3	younger	dissimilar	-0.189184317260027	3.34116593612712	1.33284335271258	0.965814358915309	0.674540341151045	0.997410090062393
5.4	younger	dissimilar	-0.0891843172600266	3.52129476000957	1.3364481004346	0.971287634338021	0.71133086102579	0.997851282370738
5.5	younger	dissimilar	0.010815682739973	3.70142358389201	1.34046327891968	0.975906474037473	0.745378792826362	0.998218882523951
5.6	younger	dissimilar	0.110815682739974	3.88155240777446	1.34488521212804	0.979797754340898	0.776533347765594	0.998524861876843
5.7	younger	dissimilar	0.210815682739973	4.0616812316569	1.3497099022238	0.98307146621246	0.804749833733839	0.998779303988502
5.8	younger	dissimilar	0.310815682739974	4.24181005553934	1.35493304676395	0.98582235937243	0.830072515939751	0.998990690299444
5.9	younger	dissimilar	0.410815682739973	4.42193887942179	1.36055005676263	0.98813162812381	0.852615110761008	0.999166145134884
6	younger	dissimilar	0.510815682739973	4.60206770330423	1.36655607546573	0.990068550095383	0.872541321992085	0.999311645232853
6.1	younger	dissimilar	0.610815682739974	4.78219652718668	1.37294599767052	0.991692023546937	0.890047107961808	0.999432198484807
6.2	younger	dissimilar	0.710815682739973	4.96232535106912	1.37971448942832	0.993051973575437	0.90534564851756	0.999531996069617
6.3	younger	dissimilar	0.810815682739974	5.14245417495157	1.3868560079724	0.994190614620933	0.918655382940271	0.999614541677331
6.4	younger	dissimilar	0.910815682739973	5.32258299883401	1.39436482172046	0.995143567973641	0.930191061568225	0.999682761067803
6.5	younger	dissimilar	1.01081568273997	5.50271182271645	1.40223503020916	0.995940840081428	0.940157492120866	0.999739094796389
6.6	younger	dissimilar	1.11081568273997	5.6828406465989	1.41046058382769	0.996607671573933	0.94874553577634	0.999785576566635
6.7	younger	dissimilar	1.21081568273997	5.86296947048134	1.41903530322861	0.997165268986643	0.956129878536853	0.999823899337602
6.8	younger	dissimilar	1.31081568273997	6.04309829436379	1.42795289830528	0.9976314318724	0.962468133557085	0.99985547101965
6.9	younger	dissimilar	1.41081568273997	6.22322711824623	1.43720698663744	0.998021087823488	0.967900891014726	0.999881461334296
7	younger	dissimilar	1.51081568273997	6.40335594212867	1.4467911113192	0.998346747241729	0.972552403753024	0.999902841188261
7.1	younger	dissimilar	1.61081568273997	6.58348476601112	1.45669875809543	0.99861888872468	0.976531667040503	0.999920415715804
7.2	younger	dissimilar	1.71081568273997	6.76361358989356	1.46692337174543	0.998846284841509	0.979933712899586	0.999934851973642
7.3	younger	dissimilar	1.81081568273997	6.94374241377601	1.4774583716643	0.999036276954183	0.982840990982494	0.999946702126347
7.4	younger	dissimilar	1.91081568273997	7.12387123765845	1.48829716660371	0.999195006661052	0.985324748701407	0.999956422834084
7.5	younger	dissimilar	2.01081568273997	7.3040000615409	1.49943316854471	0.999327610436125	0.987446354276071	0.999964391446463
7.6	younger	dissimilar	2.11081568273997	7.48412888542334	1.51085980568522	0.999438383126368	0.98925852909233	0.999970919513784
7.7	younger	dissimilar	2.21081568273997	7.66425770930578	1.52257053453363	0.999530915157114	0.99080647191044	0.999976264047905
7.8	younger	dissimilar	2.31081568273997	7.84438653318823	1.53455885110889	0.999608207581227	0.992128868533772	0.99998063689767
7.9	younger	dissimilar	2.41081568273997	8.02451535707067	1.54681830125421	0.999672768485491	0.99325878783228	0.999984212546491
8	younger	dissimilar	2.51081568273997	8.20464418095312	1.55934249007875	0.999726693730302	0.994224469548526	0.999987134591076
8.1	younger	dissimilar	2.61081568273997	8.38477300483556	1.5721250905468	0.999771734537334	0.995050011903889	0.999989521119017
8.2	younger	dissimilar	2.71081568273997	8.564901828718	1.58515985123907	0.999809354045776	0.995755968277029	0.999991469168042
8.3	younger	dissimilar	2.81081568273997	8.74503065260045	1.59844060331484	0.999840774622469	0.996359862593226	0.99999305842023
8.4	younger	dissimilar	2.91081568273997	8.9251594764829	1.61196126670664	0.999867017426933	0.996876632863789	0.999994354259579
8.5	younger	dissimilar	3.01081568273997	9.10528830036534	1.62571585558214	0.99988893549186	0.997319011775478	0.999995410300328
8.6	younger	dissimilar	3.11081568273997	9.28541712424779	1.6396984831095	0.999907241376696	0.997697852506549	0.999996270475755
8.7	younger	dissimilar	3.21081568273997	9.46554594813023	1.65390336556394	0.999922530281024	0.998022407142683	0.999996970762359
8.8	younger	dissimilar	3.31081568273997	9.64567477201267	1.66832482581409	0.99993529936065	0.998300564250113	0.999997540601844
8.9	younger	dissimilar	3.41081568273997	9.82580359589512	1.68295729622685	0.99994596386851	0.998539051376515	0.999998004072877
9	younger	dissimilar	3.51081568273997	10.0059324197776	1.69779532102975	0.999954870641114	0.998743607516599	0.999998380855878
9.1	younger	dissimilar	3.61081568273997	10.18606124366	1.71283355816891	0.999962309366212	0.998919129911069	0.999998687026743
9.2	younger	dissimilar	3.71081568273997	10.3661900675425	1.72806678070044	0.999968521996135	0.999069798949015	0.999998935709334
9.3	younger	dissimilar	3.81081568273997	10.5463188914249	1.74348987775177	0.999973710611549	0.999199184414261	0.99999913761145
9.4	younger	dissimilar	3.91081568273997	10.7264477153073	1.75909785508854	0.999978043990433	0.999310335852352	0.999999301464761
9.5	younger	dissimilar	4.01081568273997	10.9065765391898	1.77488583532099	0.999981663095258	0.999405859431387	0.999999434385645
9.6	younger	dissimilar	4.11081568273997	11.0867053630722	1.79084905778259	0.999984685656385	0.999487983321174	0.999999542170949
9.7	younger	dissimilar	4.21081568273997	11.2668341869547	1.80698287811208	0.999987210000443	0.999558613315	0.999999629540236
9.8	younger	dissimilar	4.31081568273997	11.4469630108371	1.82328276756825	0.999989318247997	0.999619380160934	0.999999700334066
9.9	younger	dissimilar	4.41081568273997	11.6270918347196	1.83974431210542	0.99999107898435	0.999671679849508	0.999999757676186
10	younger	dissimilar	4.51081568273997	11.807220658602	1.85636321123557	0.99999254949028	0.999716707916898	0.999999804106119
1	older	dissimilar	-4.48918431726003	-3.35706917900373	1.66816623546418	0.0336644360350383	0.0013228077951054	0.478148089150576
1.1	older	dissimilar	-4.38918431726003	-3.19348332480858	1.65526405991335	0.0394116946212275	0.00159736557084651	0.512705822159975
1.2	older	dissimilar	-4.28918431726003	-3.02989747061344	1.64265651681342	0.0460933349153621	0.0019276882494731	0.547285594697714
1.3	older	dissimilar	-4.18918431726003	-2.8663116164183	1.63035044138033	0.0538442479550575	0.00232478904571051	0.58155868862144
1.4	older	dissimilar	-4.08918431726003	-2.70272576222316	1.61835271077695	0.0628127065335455	0.00280177318789746	0.615205172869797
1.5	older	dissimilar	-3.98918431726003	-2.53913990802802	1.60667023266751	0.073159472413343	0.00337421193897329	0.647925688955727
1.6	older	dissimilar	-3.88918431726003	-2.37555405383288	1.59530993286297	0.085055917843369	0.00406057631843823	0.679451750578115
1.7	older	dissimilar	-3.78918431726003	-2.21196819963774	1.58427874205687	0.0986808773465368	0.00488273760789367	0.709553835905879
1.8	older	dissimilar	-3.68918431726003	-2.0483823454426	1.57358358165876	0.114215938349453	0.00586654160680702	0.738046819185659
1.9	older	dissimilar	-3.58918431726003	-1.88479649124746	1.56323134874189	0.131838909453049	0.00704246299352772	0.764792590006146
2	older	dissimilar	-3.48918431726003	-1.72121063705231	1.55322890013141	0.151715291673679	0.00844634480525635	0.789699993923416
2.1	older	dissimilar	-3.38918431726003	-1.55762478285717	1.54358303566997	0.173987739454836	0.0101202256689518	0.812722457121612
2.2	older	dissimilar	-3.28918431726003	-1.39403892866203	1.53430048070887	0.198763747644241	0.0121132535901452	0.833853806918058
2.3	older	dissimilar	-3.18918431726003	-1.23045307446689	1.52538786788458	0.2261021369401	0.0144826793298574	0.853122863965461
2.4	older	dissimilar	-3.08918431726003	-1.06686722027175	1.51685171825269	0.255999308631869	0.0172949140510453	0.870587370829035
2.5	older	dissimilar	-2.98918431726003	-0.903281366076608	1.50869842186351	0.288376642686315	0.0206266242719994	0.88632775455647
2.6	older	dissimilar	-2.88918431726003	-0.739695511881467	1.50093421787613	0.323070730517545	0.0245658214350446	0.900441120583828
2.7	older	dissimilar	-2.78918431726003	-0.576109657686326	1.4935651743195	0.359828251788474	0.0292128828102298	0.913035762878029
2.8	older	dissimilar	-2.68918431726003	-0.412523803491185	1.48659716762119	0.398307115092982	0.0346814143983128	0.924226367000594
2.9	older	dissimilar	-2.58918431726003	-0.248937949296043	1.48003586203487	0.438084923228504	0.0410988347874487	0.934129989423169
3	older	dissimilar	-2.48918431726003	-0.0853520951009024	1.47388668910805	0.478674920718101	0.0486065221677522	0.942862823152341
3.1	older	dissimilar	-2.38918431726003	0.0782337590942389	1.4681548273398	0.519548470221853	0.0573593268679494	0.950537707496165
3.2	older	dissimilar	-2.28918431726003	0.24181961328938	1.46284518218542	0.560162015516923	0.0675242128133112	0.957262306769796
3.3	older	dissimilar	-2.18918431726003	0.405405467484521	1.45796236657044	0.599985686164961	0.0792777599422176	0.96313786552716
3.4	older	dissimilar	-2.08918431726003	0.568991321679663	1.4535106820794	0.63853039532864	0.0928022459949005	0.968258442663725
3.5	older	dissimilar	-1.98918431726003	0.732577175874803	1.44949410098586	0.675370561110922	0.108280043947584	0.972710529786353
3.6	older	dissimilar	-1.88918431726003	0.896163030069945	1.44591624928879	0.710160366360939	0.125886137316669	0.976572967460751
3.7	older	dissimilar	-1.78918431726003	1.05974888426509	1.44278039091629	0.742642553834977	0.145778686726711	0.979917083880799
3.8	older	dissimilar	-1.68918431726003	1.22333473846023	1.44008941325129	0.772649868965192	0.168087790625662	0.982806992388424
3.9	older	dissimilar	-1.58918431726003	1.38692059265537	1.43784581412437	0.800100178221974	0.192902873017044	0.985299995927057
4	older	dissimilar	-1.48918431726003	1.55050644685051	1.43605169040747	0.824986866458912	0.220259484368387	0.987447057222549
4.1	older	dissimilar	-1.38918431726003	1.71409230104565	1.43470872832781	0.847366321419643	0.250126674297602	0.989293302885892
4.2	older	dissimilar	-1.28918431726003	1.87767815524079	1.43381819560518	0.867344206881032	0.282396412492596	0.990878537594638
4.3	older	dissimilar	-1.18918431726003	2.04126400943593	1.43338093549749	0.885061914847145	0.316876701515781	0.992237751060757
4.4	older	dissimilar	-1.08918431726003	2.20484986363107	1.43339736281935	0.900684185606924	0.353289943920779	0.993401605747662
4.5	older	dissimilar	-0.989184317260027	2.36843571782621	1.43386746197755	0.914388484491998	0.391277729667953	0.994396897417925
4.6	older	dissimilar	-0.889184317260027	2.53202157202136	1.43479078704495	0.926356384436112	0.430412498251714	0.995246983749615
4.7	older	dissimilar	-0.789184317260027	2.6956074262165	1.43616646387209	0.936766950102745	0.47021559387957	0.995972178622443
4.8	older	dissimilar	-0.689184317260026	2.85919328041164	1.43799319421314	0.945791954252988	0.510180247848617	0.996590111399141
4.9	older	dissimilar	-0.589184317260027	3.02277913460678	1.440269261821	0.953592667604984	0.549797211482897	0.997116051747323
5	older	dissimilar	-0.489184317260027	3.18636498880192	1.44299254044509	0.960317931161454	0.588580325397437	0.997563201376062
5.1	older	dissimilar	-0.389184317260026	3.34995084299706	1.44616050364564	0.966103226094858	0.626089356657023	0.997942954592997
5.2	older	dissimilar	-0.289184317260027	3.5135366971922	1.44977023632011	0.971070484878231	0.661947946474803	0.99826512989724
5.3	older	dissimilar	-0.189184317260027	3.67712255138734	1.45381844782126	0.975328426496301	0.695855349151289	0.998538174970462
5.4	older	dissimilar	-0.0891843172600266	3.84070840558249	1.45830148653213	0.978973240198942	0.72759160020045	0.998769347459572
5.5	older	dissimilar	0.010815682739973	4.00429425977763	1.46321535575214	0.982089481497269	0.757016620029597	0.998964873895168
5.6	older	dissimilar	0.110815682739974	4.16788011397277	1.46855573073907	0.984751078442361	0.784064389328756	0.999130088987323
5.7	older	dissimilar	0.210815682739973	4.33146596816791	1.4743179767455	0.987022374743989	0.808733659863849	0.999269557404317
5.8	older	dissimilar	0.310815682739974	4.49505182236305	1.48049716788448	0.988959159025382	0.831076707023277	0.999387179985468
5.9	older	dissimilar	0.410815682739973	4.65863767655819	1.48708810665799	0.990609647033553	0.851187459267128	0.999486286176628
6	older	dissimilar	0.510815682739973	4.82222353075333	1.49408534398273	0.992015396719831	0.869190045679971	0.999569714313745
6.1	older	dissimilar	0.610815682739974	4.98580938494847	1.50148319955136	0.99321214560107	0.885228470056738	0.999639881221159
6.2	older	dissimilar	0.710815682739973	5.14939523914361	1.50927578237267	0.994230566480457	0.899457809786618	0.999698842440148
6.3	older	dissimilar	0.810815682739974	5.31298109333876	1.51745701134133	0.99509694211647	0.912037085295717	0.99974834426187
6.4	older	dissimilar	0.910815682739973	5.4765669475339	1.52602063569662	0.995833762331287	0.923123763379772	0.999789868608055
6.5	older	dissimilar	1.01081568273997	5.64015280172904	1.53496025523971	0.996460248785466	0.932869742225147	0.999824671683196
6.6	older	dissimilar	1.11081568273997	5.80373865592418	1.54426934018967	0.9969928135544	0.941418605659932	0.999853817213382
6.7	older	dissimilar	1.21081568273997	5.96732451011932	1.55394125057055	0.997445457981589	0.948903914708755	0.999878204988945
6.8	older	dissimilar	1.31081568273997	6.13091036431446	1.56396925503361	0.997830118244948	0.955448312028937	0.999898595340276
6.9	older	dissimilar	1.41081568273997	6.2944962185096	1.57434654903126	0.998156963793729	0.961163237906889	0.999915630097725
7	older	dissimilar	1.51081568273997	6.45808207270474	1.58506627227178	0.99843465439381	0.966149086781167	0.999929850516785
7.1	older	dissimilar	1.61081568273997	6.62166792689989	1.59612152539559	0.998670561026744	0.97049566508583	0.999941712588011
7.2	older	dissimilar	1.71081568273997	6.78525378109503	1.60750538582593	0.998870955369479	0.974282841167875	0.999951600096517
7.3	older	dissimilar	1.81081568273997	6.94883963529017	1.61921092275783	0.999041172067628	0.977581304360171	0.99995983574789
7.4	older	dissimilar	1.91081568273997	7.11242548948531	1.63123121125971	0.999185747524543	0.980453372325338	0.99996669063514
7.5	older	dissimilar	2.01081568273997	7.27601134368045	1.6435593454719	0.999308538472274	0.982953803543558	0.999972392284271
7.6	older	dissimilar	2.11081568273997	7.43959719787559	1.65618845089527	0.999412823174267	0.985130585686641	0.999977131483768
7.7	older	dissimilar	2.21081568273997	7.60318305207073	1.66911169577126	0.999501387735191	0.987025681155455	0.999981068075008
7.8	older	dissimilar	2.31081568273997	7.76676890626587	1.68232230156192	0.99957659966001	0.988675718850075	0.999984335856038
7.9	older	dissimilar	2.41081568273997	7.93035476046101	1.69581355254504	0.999640470510369	0.990112626850013	0.999987046729803
8	older	dissimilar	2.51081568273997	8.09394061465616	1.70957880454482	0.999694709248556	0.99136420459634	0.999989294209315
8.1	older	dissimilar	2.61081568273997	8.2575264688513	1.72361149282345	0.999740767634614	0.99245463579877	0.999991156376246
8.2	older	dissimilar	2.71081568273997	8.42111232304644	1.73790513916263	0.999779878847153	0.993404944970903	0.999992698375479
8.3	older	dissimilar	2.81081568273997	8.58469817724158	1.75245335816773	0.999813090329708	0.99423340148701	0.99999397451621
8.4	older	dissimilar	2.91081568273997	8.74828403143672	1.7672498628291	0.999841291719117	0.99495587555489	0.999995030039833
8.5	older	dissimilar	3.01081568273997	8.91186988563186	1.78228846937757	0.999865238587263	0.995586150663284	0.999995902605946
8.6	older	dissimilar	3.11081568273997	9.075455739827	1.79756310147202	0.999885572620202	0.996136197001323	0.999996623540205
8.7	older	dissimilar	3.21081568273997	9.23904159402214	1.81306779375781	0.999902838766657	0.996616410143559	0.99999721888116
8.8	older	dissimilar	3.31081568273997	9.40262744821728	1.82879669483531	0.999917499809193	0.997035819005732	0.999997710257655
8.9	older	dissimilar	3.41081568273997	9.56621330241243	1.84474406967741	0.999929948744058	0.997402266744607	0.999998115623504
9	older	dissimilar	3.51081568273997	9.72979915660757	1.86090430153462	0.999940519298293	0.997722567928008	0.999998449872136
9.1	older	dissimilar	3.61081568273997	9.89338501080271	1.87727189336568	0.999949494863663	0.998002644957108	0.999998725350344
9.2	older	dissimilar	3.71081568273997	10.0569708649979	1.89384146883052	0.999957116085247	0.998247646393894	0.999998952287343
9.3	older	dissimilar	3.81081568273997	10.220556719193	1.91060777288124	0.999963587306899	0.998462049539362	0.999999139152799
9.4	older	dissimilar	3.91081568273997	10.3841425733881	1.9275656719855	0.999969082045525	0.998649749326075	0.999999292955335
9.5	older	dissimilar	4.01081568273997	10.5477284275833	1.94471015401532	0.999973747640317	0.998814135333459	0.999999419491219
9.6	older	dissimilar	4.11081568273997	10.7113142817784	1.96203632783246	0.999977709201162	0.99895815850549	0.999999523551386
9.7	older	dissimilar	4.21081568273997	10.8749001359736	1.97953942260036	0.999981072961754	0.999084388947059	0.99999960909364
9.8	older	dissimilar	4.31081568273997	11.0384859901687	1.9972147868505	0.999983929127101	0.999195065995649	0.999999679385796
9.9	older	dissimilar	4.41081568273997	11.2020718443638	2.01505788732986	0.99998635429162	0.999292141607055	0.99999973712457
10	older	dissimilar	4.51081568273997	11.365657698559	2.03306430765408	0.99998841349252	0.999377317955584	0.999999784534268
1	younger	similar	-4.48918431726003	-3.85065406380512	1.55435485454254	0.0208230043651561	0.00100960138930016	0.309145211340567
1.1	younger	similar	-4.38918431726003	-3.67991054181786	1.54216134330171	0.0246045752353579	0.00122627543816573	0.341352165762068
1.2	younger	similar	-4.28918431726003	-3.5091670198306	1.53022902164538	0.0290525237208621	0.00148862019521674	0.375212716230743
1.3	younger	similar	-4.18918431726003	-3.33842349784334	1.51856404658312	0.0342763038848878	0.00180604355839129	0.410466321385886
1.4	younger	similar	-4.08918431726003	-3.16767997585608	1.5071726256277	0.0404002624646124	0.00218983177089993	0.44679676281244
1.5	younger	similar	-3.98918431726003	-2.99693645386881	1.49606100754133	0.0475644660067341	0.00265350714617688	0.483841409101148
1.6	younger	similar	-3.88918431726003	-2.82619293188155	1.48523547227607	0.0559250619252714	0.00321324843651806	0.521204422586436
1.7	younger	similar	-3.78918431726003	-2.65544940989429	1.47470232009926	0.0656539313781467	0.00388838288109441	0.558473009188735
1.8	younger	similar	-3.68918431726003	-2.48470588790703	1.46446785990087	0.076937333415432	0.0047019595021501	0.595235357475408
1.9	younger	similar	-3.58918431726003	-2.31396236591977	1.45453839668694	0.0899731865309872	0.00568141340977256	0.631098642141429
2	younger	similar	-3.48918431726003	-2.14321884393251	1.44492021827091	0.104966598850574	0.00685933050799527	0.665705443102415
2.1	younger	similar	-3.38918431726003	-1.97247532194525	1.43561958118332	0.122123261289352	0.00827432076363845	0.698747161949237
2.2	younger	similar	-3.28918431726003	-1.80173179995798	1.4266426958294	0.141640384759485	0.00997200568770192	0.729973451527012
2.3	younger	similar	-3.18918431726003	-1.63098827797072	1.41799571093401	0.163695022024508	0.012006121331069	0.759197217831546
2.4	younger	similar	-3.08918431726003	-1.46024475598346	1.40968469732369	0.188429893278693	0.0144397311887223	0.786295297426663
2.5	younger	similar	-2.98918431726003	-1.2895012339962	1.40171563110619	0.215937244107681	0.0173465330299071	0.811205364003321
2.6	younger	similar	-2.88918431726003	-1.11875771200894	1.3940943763188	0.246241787918215	0.0208122287286541	0.833919915662942
2.7	younger	similar	-2.78918431726003	-0.948014190021678	1.38682666712804	0.279284359708061	0.0249359054133702	0.854478323211323
2.8	younger	similar	-2.68918431726003	-0.777270668034417	1.3799180896737	0.314908417481351	0.0298313483970246	0.87295789835325
2.9	younger	similar	-2.58918431726003	-0.606527146047155	1.37337406366126	0.352851809284492	0.035628170278289	0.889464810565835
3	younger	similar	-2.48918431726003	-0.435783624059895	1.36719982381642	0.392746104553446	0.0424725957687279	0.904125491069967
3.1	younger	similar	-2.38918431726003	-0.265040102072633	1.3614004013248	0.434125145583138	0.0505276888293418	0.91707895534623
3.2	younger	similar	-2.28918431726003	-0.0942965800853719	1.35598060538802	0.476443307597216	0.0599727502914168	0.928470284149621
3.3	younger	similar	-2.18918431726003	0.0764469419018895	1.35094500503428	0.519102433281696	0.071001556239682	0.938445345769795
3.4	younger	similar	-2.08918431726003	0.247190463889151	1.3462979113269	0.561484857926073	0.0838190605897625	0.947146726526475
3.5	younger	similar	-1.98918431726003	0.417933985876412	1.34204336011798	0.602988765286905	0.09863616582013	0.954710760989807
3.6	younger	similar	-1.88918431726003	0.588677507863673	1.33818509549606	0.643061647089524	0.115662196237534	0.961265512111767
3.7	younger	similar	-1.78918431726003	0.759421029850934	1.33472655407627	0.681228019907086	0.135094815796588	0.966929536302088
3.8	younger	similar	-1.68918431726003	0.930164551838196	1.33167085027882	0.717108668301015	0.157107345061543	0.971811271427732
3.9	younger	similar	-1.58918431726003	1.10090807382546	1.3290207627369	0.750430212609114	0.181833768796258	0.976008899808104
4	younger	similar	-1.48918431726003	1.27165159581272	1.32677872196788	0.781025342783612	0.209352184949416	0.97961055811659
4.1	younger	similar	-1.38918431726003	1.44239511779998	1.32494679943202	0.808825275160602	0.239667988809667	0.982694787845149
4.2	younger	similar	-1.28918431726003	1.61313863978724	1.32352669809152	0.833846689394003	0.272698625311925	0.985331141158521
4.3	younger	similar	-1.18918431726003	1.7838821617745	1.32251974456883	0.856175572600153	0.308262141354838	0.987580876129736
4.4	younger	similar	-1.08918431726003	1.95462568376176	1.32192688298758	0.87595015019391	0.346071864411977	0.989497691837899
4.5	younger	similar	-0.989184317260027	2.12536920574902	1.32174867056244	0.893344589099813	0.385739179070045	0.991128467453457
4.6	younger	similar	-0.889184317260027	2.29611272773628	1.32198527498583	0.90855458467137	0.426785508779245	0.992513980369541
4.7	younger	similar	-0.789184317260027	2.46685624972355	1.32263647363992	0.921785410023755	0.468663316966805	0.993689586955908
4.8	younger	similar	-0.689184317260026	2.63759977171081	1.32370165464254	0.933242583539233	0.510784459310128	0.994685855975247
4.9	younger	similar	-0.589184317260027	2.80834329369807	1.32517981971565	0.943125018315298	0.552552897546741	0.995529149477668
5	younger	similar	-0.489184317260027	2.97908681568533	1.32706958884503	0.951620346464697	0.593397976868107	0.996242149418385
5.1	younger	similar	-0.389184317260026	3.14983033767259	1.32936920668055	0.958902036110788	0.632804399774472	0.996844330623447
5.2	younger	similar	-0.289184317260027	3.32057385965985	1.33207655060853	0.965127910460478	0.67033571165638	0.99735238230858
5.3	younger	similar	-0.189184317260027	3.49131738164711	1.33518914041017	0.970439710291788	0.705649343238563	0.997780581339591
5.4	younger	similar	-0.0891843172600266	3.66206090363438	1.33870414940525	0.974963393313373	0.738502694434311	0.998141120970702
5.5	younger	similar	0.010815682739973	3.83280442562164	1.3426184169666	0.978809922216893	0.768751046308605	0.998444399034536
5.6	younger	similar	0.110815682739974	4.0035479476089	1.34692846227944	0.982076349342161	0.796339005487719	0.998699269580025
5.7	younger	similar	0.210815682739973	4.17429146959616	1.35163049921066	0.984847055255117	0.821287621770089	0.998913261833609
5.8	younger	similar	0.310815682739974	4.34503499158342	1.35672045214627	0.987195039476953	0.843679316560964	0.999092770147579
5.9	younger	similar	0.410815682739973	4.51577851357068	1.36219397265035	0.989183194035407	0.86364244470116	0.999243218335458
6	younger	similar	0.510815682739973	4.68652203555794	1.3680464567972	0.990865515257604	0.881336837940295	0.999369201504795
6.1	younger	similar	0.610815682739974	4.8572655575452	1.37427306302761	0.992288227484227	0.896941176434855	0.999474608201552
6.2	younger	similar	0.710815682739973	5.02800907953247	1.38086873038269	0.993490805422946	0.910642593683856	0.999562725389679
6.3	younger	similar	0.810815682739974	5.19875260151973	1.38782819697236	0.994506890845619	0.922628583490592	0.999636328512688
6.4	younger	similar	0.910815682739973	5.36949612350699	1.3951460185414	0.99536510527217	0.93308105283479	0.99969775862562
6.5	younger	similar	1.01081568273997	5.54023964549425	1.40281658700264	0.99608976399106	0.942172238327086	0.999748988348397
6.6	younger	similar	1.11081568273997	5.71098316748151	1.41083414881588	0.996701498882944	0.95006215306289	0.999791678175888
6.7	younger	similar	1.21081568273997	5.88172668946877	1.41919282309973	0.997217798528543	0.956897230922346	0.999827224486028
6.8	younger	similar	1.31081568273997	6.05247021145603	1.42788661937426	0.99765347435678	0.962809865838152	0.99985680041411
6.9	younger	similar	1.41081568273997	6.2232137334433	1.4369094548425	0.998021061388379	0.967918588574788	0.999881390607689
7	younger	similar	1.51081568273997	6.39395725543056	1.44625517113024	0.998331161640746	0.972328672528919	0.999901820740823
7.1	younger	similar	1.61081568273997	6.56470077741782	1.45591755041404	0.998592737612358	0.976133006585391	0.999918782547123
7.2	younger	similar	1.71081568273997	6.73544429940508	1.46589033087874	0.998813362547145	0.979413113859068	0.999932855026672
7.3	younger	similar	1.81081568273997	6.90618782139234	1.47616722145609	0.998999433449432	0.982240228997478	0.999944522390697
7.4	younger	similar	1.91081568273997	7.0769313433796	1.48674191580667	0.999156352114198	0.984676373636469	0.999954189228558
7.5	younger	similar	2.01081568273997	7.24767486536686	1.49760810551661	0.999288678776962	0.986775390275532	0.999962193312749
7.6	younger	similar	2.11081568273997	7.41841838735412	1.50875949249014	0.999400262383894	0.988583910233499	0.999968816397953
7.7	younger	similar	2.21081568273997	7.58916190934138	1.5201898005271	0.999494350939835	0.990142242469528	0.999974293318656
7.8	younger	similar	2.31081568273997	7.75990543132865	1.5318927860825	0.999573684910045	0.991485177843273	0.999978819645335
7.9	younger	similar	2.41081568273997	7.93064895331591	1.54386224821196	0.999640576227808	0.992642708645972	0.999982558120954
8	younger	similar	2.51081568273997	8.10139247530317	1.55609203771307	0.999696975090461	0.993640666619206	0.99998564406662
8.1	younger	similar	2.61081568273997	8.27213599729043	1.56857606547832	0.99974452640589	0.994501284710885	0.999988189916952
8.2	younger	similar	2.71081568273997	8.44287951927769	1.58130831007945	0.999784617475072	0.995243688898498	0.999990289021594
8.3	younger	similar	2.81081568273997	8.61362304126495	1.59428282460757	0.999818418258544	0.995884326838083	0.999992018828547
8.4	younger	similar	2.91081568273997	8.78436656325221	1.60749374279608	0.999846915371127	0.996437340094583	0.999993443547349
8.5	younger	similar	3.01081568273997	8.95511008523948	1.62093528445644	0.999870940775304	0.996914886434184	0.999994616375041
8.6	younger	similar	3.11081568273997	9.12585360722674	1.63460176025865	0.999891195995391	0.997327418224399	0.999995581355027
8.7	younger	similar	3.21081568273997	9.296597129214	1.64848757588977	0.999908272548447	0.997683922470566	0.999996374927983
8.8	younger	similar	3.31081568273997	9.46734065120126	1.66258723562485	0.999922669180736	0.997992127470284	0.999997027224726
8.9	younger	similar	3.41081568273997	9.63808417318852	1.67689534534505	0.999934806407533	0.998258680524092	0.999997563143057
9	younger	similar	3.51081568273997	9.80882769517578	1.69140661503808	0.999945038777009	0.998489300622289	0.999998003243926
9.1	younger	similar	3.61081568273997	9.97957121716304	1.70611586081566	0.999953665213608	0.998688909546334	0.999998364496647
9.2	younger	similar	3.71081568273997	10.1503147391503	1.72101800648233	0.999960937741082	0.998861744384562	0.999998660898071
9.3	younger	similar	3.81081568273997	10.3210582611376	1.73610808468929	0.99996706883858	0.999011454067943	0.999998903986666
9.4	younger	similar	3.91081568273997	10.4918017831248	1.75138123770586	0.99997223764373	0.999141182181498	0.999999103268998
9.5	younger	similar	4.01081568273997	10.6625453051121	1.76683271784009	0.99997659518319	0.999253637998542	0.999999266573292
9.6	younger	similar	4.11081568273997	10.8332888270993	1.78245788753893	0.999980268783027	0.999351157414961	0.999999400342325
9.7	younger	similar	4.21081568273997	11.0040323490866	1.79825221919695	0.999983365787398	0.999435755225616	0.999999509875888
9.8	younger	similar	4.31081568273997	11.1747758710739	1.81421129470116	0.999985976693948	0.999509169981188	0.999999599531373
9.9	younger	similar	4.41081568273997	11.3455193930611	1.8303308047381	0.999988177797366	0.999572902487595	0.999999672889597
10	younger	similar	4.51081568273997	11.5162629150484	1.84660654788795	0.999990033418204	0.999628248858288	0.9999997328918
1	older	similar	-4.48918431726003	-3.74061344534819	1.6696650446589	0.0231890387414925	0.000899153771241686	0.385073160320802
1.1	older	similar	-4.38918431726003	-3.57505474068676	1.65659311375005	0.0272504996714693	0.00108837859802842	0.41869514776539
1.2	older	similar	-4.28918431726003	-3.40949603602533	1.64381718809584	0.0320000045984345	0.0013166097704915	0.453233511114128
1.3	older	similar	-4.18918431726003	-3.2439373313639	1.6313442222356	0.0375453529324022	0.00159168041599928	0.48837643064013
1.4	older	similar	-4.08918431726003	-3.07837862670247	1.61918121751415	0.044007978229789	0.00192294270585988	0.523786171785387
1.5	older	similar	-3.98918431726003	-2.91281992204104	1.60733521054778	0.0515234548840133	0.00232154775158256	0.559111545123387
1.6	older	similar	-3.88918431726003	-2.74726121737961	1.59581326074503	0.0602415128172043	0.00280077276966642	0.594001595038348
1.7	older	similar	-3.78918431726003	-2.58170251271818	1.58462243687878	0.0703253396866857	0.00337640209960128	0.628119405323286
1.8	older	similar	-3.68918431726003	-2.41614380805675	1.57376980271466	0.0819499053645784	0.0040671690613478	0.661154882472329
1.9	older	similar	-3.58918431726003	-2.25058510339532	1.56326240171009	0.0952990070309086	0.00489526583195481	0.692835508806616
2	older	similar	-3.48918431726003	-2.08502639873389	1.55310724080831	0.110560717116135	0.00588692837666809	0.722934321786491
2.1	older	similar	-3.38918431726003	-1.91946769407246	1.54331127336288	0.127920937102067	0.00707310280879627	0.751274721021892
2.2	older	similar	-3.28918431726003	-1.75390898941102	1.53388138123964	0.147554838231616	0.00849019813212604	0.777732066895824
2.3	older	similar	-3.18918431726003	-1.5883502847496	1.52482435615558	0.169616126919969	0.0101809278181407	0.802232354912645
2.4	older	similar	-3.08918431726003	-1.42279158008816	1.51614688032652	0.194224324897074	0.0121952386710882	0.82474848540985
2.5	older	similar	-2.98918431726003	-1.25723287542673	1.50785550650895	0.22145060507166	0.0145913194122608	0.845294779800571
2.6	older	similar	-2.88918431726003	-1.0916741707653	1.49995663753385	0.251303152235205	0.0174366727320946	0.863920424982699
2.7	older	similar	-2.78918431726003	-0.926115466103872	1.49245650544371	0.283713466331865	0.0208092224730031	0.880702476193966
2.8	older	similar	-2.68918431726003	-0.760556761442441	1.48536115035624	0.318525399482986	0.0247984113118904	0.895738942850358
2.9	older	similar	-2.58918431726003	-0.59499805678101	1.47867639918981	0.355488891517191	0.0295062230282096	0.909142349924361
3	older	similar	-2.48918431726003	-0.42943935211958	1.47240784439678	0.394260217048895	0.0350480365766447	0.921034032802062
3.1	older	similar	-2.38918431726003	-0.263880647458149	1.4665608228602	0.434409999512501	0.0415531865908377	0.931539302817446
3.2	older	similar	-2.28918431726003	-0.0983219427967181	1.46114039511696	0.475439297224848	0.0491650673382385	0.940783522962465
3.3	older	similar	-2.18918431726003	0.0672367618647128	1.45615132507704	0.516802860770335	0.0580405766503445	0.948889061627453
3.4	older	similar	-2.08918431726003	0.232795466526144	1.45159806041192	0.557937448792612	0.0683486572043295	0.955973045331229
3.5	older	similar	-1.98918431726003	0.398354171187574	1.44748471378687	0.598292167906861	0.0802676618449395	0.962145805457244
3.6	older	similar	-1.88918431726003	0.563912875849005	1.4438150451109	0.637357419961602	0.0939812580326146	0.967509904224891
3.7	older	similar	-1.78918431726003	0.729471580510436	1.44059244497445	0.674689303853218	0.109672608263876	0.972159626722303
3.8	older	similar	-1.68918431726003	0.895030285171866	1.4378199194382	0.709927155017402	0.127516635488311	0.976180834651098
3.9	older	similar	-1.58918431726003	1.0605889898333	1.43550007632742	0.74280308593499	0.147670322403388	0.979651090190918
4	older	similar	-1.48918431726003	1.22614769449473	1.43363511317411	0.773143619577186	0.170261213656179	0.982639972677467
4.1	older	similar	-1.38918431726003	1.39170639915616	1.43222680693472	0.800864520330569	0.195374591144431	0.985209524984884
4.2	older	similar	-1.28918431726003	1.55726510381759	1.43127650559422	0.825960562848659	0.223040154971218	0.987414779627542
4.3	older	similar	-1.18918431726003	1.72282380847902	1.43078512174839	0.848492203254016	0.253219418355888	0.989304326133842
4.4	older	similar	-1.08918431726003	1.88838251314045	1.43075312823494	0.86857099572017	0.285795336217241	0.990920891007462
4.5	older	similar	-0.989184317260027	2.05394121780188	1.43118055586236	0.886345251493232	0.320565835241528	0.992301909600445
4.6	older	similar	-0.889184317260027	2.21949992246331	1.4320669932618	0.90198699450603	0.357242800222123	0.993480075619438
4.7	older	similar	-0.789184317260027	2.38505862712474	1.43341158886351	0.915680830256742	0.395457634848642	0.994483858972611
4.8	older	similar	-0.689184317260026	2.55061733178617	1.43521305497599	0.927614976591648	0.434773763924534	0.995337986460548
4.9	older	similar	-0.589184317260027	2.7161760364476	1.43746967392211	0.93797443391653	0.474705480425902	0.996063882633841
5	older	similar	-0.489184317260027	2.88173474110903	1.44017930616465	0.946936098700835	0.51474155164625	0.996680070177932
5.1	older	similar	-0.389184317260026	3.04729344577047	1.4433394003321	0.954665532912011	0.554371210160068	0.997202530610812
5.2	older	similar	-0.289184317260027	3.2128521504319	1.44694700503649	0.961315072131196	0.593109763480957	0.997645027033047
5.3	older	similar	-0.189184317260027	3.37841085509333	1.45099878235789	0.967022965680304	0.630521159612324	0.998019391268245
5.4	older	similar	-0.0891843172600266	3.54396955975476	1.45549102285485	0.971913275745543	0.66623541056046	0.99833577806793
5.5	older	similar	0.010815682739973	3.70952826441619	1.46041966194822	0.976096306381586	0.699959650437825	0.998602889200648
5.6	older	similar	0.110815682739974	3.87508696907762	1.4657802975159	0.979669378917677	0.731482574235597	0.998828170257261
5.7	older	similar	0.210815682739973	4.04064567373905	1.47156820852911	0.982717812657145	0.760672860715176	0.999017982925244
5.8	older	similar	0.310815682739974	4.20620437840048	1.477778374557	0.985316006396896	0.78747278561064	0.999177755346679
5.9	older	similar	0.410815682739973	4.37176308306191	1.48440549596463	0.987528546395304	0.811888525602907	0.99931211300079
6	older	similar	0.510815682739973	4.53732178772334	1.491444014631	0.989411290180208	0.833978665379962	0.999424992359495
6.1	older	similar	0.610815682739974	4.70288049238477	1.49888813501682	0.991012393721306	0.853842226021514	0.999519739365562
6.2	older	similar	0.710815682739973	4.8684391970462	1.506731845418	0.992373262902954	0.871607225877379	0.999599194585809
6.3	older	similar	0.810815682739974	5.03399790170763	1.51496893924799	0.99352941985009	0.887420448014128	0.999665766701994
6.4	older	similar	0.910815682739973	5.19955660636906	1.5235930362018	0.994511281325946	0.901438780184085	0.99972149582294
6.5	older	similar	1.01081568273997	5.3651153110305	1.53259760316463	0.995344850855474	0.913822246442288	0.999768107935131
6.6	older	similar	1.11081568273997	5.53067401569193	1.54197597474029	0.996052329020039	0.92472867411094	0.999807061656367
6.7	older	similar	1.21081568273997	5.69623272035336	1.5517213732863	0.996652647979298	0.934309831014943	0.999839588318286
6.8	older	similar	1.31081568273997	5.86179142501479	1.56182692835593	0.997161937059975	0.942708813310739	0.99986672627836
6.9	older	similar	1.41081568273997	6.02735012967622	1.57228569546023	0.997593926473968	0.950058449011725	0.999889350249757
7	older	similar	1.51081568273997	6.19290883433765	1.58309067407617	0.997960296084829	0.956480492707782	0.999908196337388
7.1	older	similar	1.61081568273997	6.35846753899908	1.5942348248398	0.998270975772103	0.962085411832496	0.999923883379628
7.2	older	similar	1.71081568273997	6.52402624366051	1.60571108587565	0.998534403445925	0.96697259601863	0.99993693111668
7.3	older	similar	1.81081568273997	6.68958494832194	1.61751238822548	0.998757746207243	0.971230853219828	0.999947775637373
7.4	older	similar	1.91081568273997	6.85514365298337	1.62963167035031	0.998947089577295	0.974939086176331	0.999956782495383
7.5	older	similar	2.01081568273997	7.0207023576448	1.64206189169031	0.999107599162485	0.97816706886354	0.999964257832658
7.6	older	similar	2.11081568273997	7.18626106230623	1.65479604527607	0.999243658595056	0.980976264236176	0.999970457801339
7.7	older	similar	2.21081568273997	7.35181976696766	1.66782716939377	0.999358987105742	0.983420641957012	0.999975596534883
7.8	older	similar	2.31081568273997	7.5173784716291	1.68114835831395	0.999456739645977	0.985547468307802	0.999979852883897
7.9	older	similar	2.41081568273997	7.68293717629053	1.69475277210049	0.999539592085246	0.987398050695847	0.999983376101573
8	older	similar	2.51081568273997	7.84849588095196	1.70863364552201	0.99960981366209	0.989008426692424	0.999986290637106
8.1	older	similar	2.61081568273997	8.01405458561339	1.72278429609291	0.999669328562568	0.990409992927352	0.99998870017259
8.2	older	similar	2.71081568273997	8.17961329027482	1.73719813127512	0.999719768233957	0.991630072903388	0.999990691019109
8.3	older	similar	2.81081568273997	8.34517199493625	1.75186865487517	0.999762515810523	0.99269242528942	0.999992334970704
8.4	older	similar	2.91081568273997	8.51073069959768	1.76678947267338	0.999798743828445	0.993617695827798	0.999993691700272
8.5	older	similar	3.01081568273997	8.67628940425911	1.78195429732408	0.999829446234806	0.994423816903587	0.99999481076887
8.6	older	similar	3.11081568273997	8.84184810892054	1.79735695256701	0.999855465547586	0.995126359267614	0.999995733309128
8.7	older	similar	3.21081568273997	9.00740681358197	1.81299137679062	0.999877515896676	0.995738840527785	0.999996493434251
8.8	older	similar	3.31081568273997	9.1729655182434	1.82885162598836	0.99989620256734	0.996272994933053	0.999997119416228
8.9	older	similar	3.41081568273997	9.33852422290483	1.8449318761489	0.999912038574678	0.996739008750383	0.999997634670129
9	older	similar	3.51081568273997	9.50408292756626	1.86122642512063	0.999925458718476	0.997145725233276	0.999998058575667
9.1	older	similar	3.61081568273997	9.6696416322277	1.87772969398986	0.999936831500249	0.997500822840096	0.999998407162316
9.2	older	similar	3.71081568273997	9.83520033688913	1.89443622801143	0.999946469226782	0.99781097000823	0.999998693680152
9.3	older	similar	3.81081568273997	10.0007590415506	1.91134069712859	0.999954636575529	0.998081959443479	0.999998929075088
9.4	older	similar	3.91081568273997	10.166317746212	1.9284378961182	0.999961557855574	0.998318824554073	0.999999122384179
9.5	older	similar	4.01081568273997	10.3318764508734	1.94572274439513	0.9999674231625	0.998525940351595	0.999999281064182
9.6	older	similar	4.11081568273997	10.4974351555348	1.96319028550856	0.999972393595424	0.998707110860155	0.999999411264431
9.7	older	similar	4.21081568273997	10.6629938601963	1.98083568636089	0.99997660567894	0.998865644821288	0.999999518053289
9.8	older	similar	4.31081568273997	10.8285525648577	1.99865423617828	0.99998017511101	0.999004421254977	0.999999605605935
9.9	older	similar	4.41081568273997	10.9941112695191	2.01664134526021	0.999983199939489	0.999125946235524	0.999999677359982
10	older	similar	4.51081568273997	11.1596699741806	2.03479254353346	0.999985763254309	0.999232402063087	0.99999973614434
