template_id	ev_1	ev_2	correlation
submitted_dmn_age	younger	older	-1
submitted_dmn_age	younger	ismale	-0.141290349857883
submitted_dmn_age	younger	tsnr	0.402124889444105
submitted_dmn_age	younger	fd_mean	-0.671171794111565
submitted_dmn_age	younger	RT	0.418647693882796
submitted_dmn_age	older	ismale	0.141290349857883
submitted_dmn_age	older	tsnr	-0.402124889444105
submitted_dmn_age	older	fd_mean	0.671171794111565
submitted_dmn_age	older	RT	-0.418647693882796
submitted_dmn_age	ismale	tsnr	-0.312258481322892
submitted_dmn_age	ismale	fd_mean	0.275753972806409
submitted_dmn_age	ismale	RT	-0.384207387525652
submitted_dmn_age	tsnr	fd_mean	-0.79387248603369
submitted_dmn_age	tsnr	RT	0.30055428209267
submitted_dmn_age	fd_mean	RT	-0.334154152422538
later_ecn_sensitivity_reconstruction	ismale	tsnr	-0.306506183234834
later_ecn_sensitivity_reconstruction	ismale	fd_mean	0.265205306837035
later_ecn_sensitivity_reconstruction	ismale	RT	-0.384207387525652
later_ecn_sensitivity_reconstruction	ismale	young	-0.141290349857883
later_ecn_sensitivity_reconstruction	ismale	old	0.141290349857883
later_ecn_sensitivity_reconstruction	ismale	Y_InOut	0.301273431649512
later_ecn_sensitivity_reconstruction	ismale	O_InOut	0.144761823326319
later_ecn_sensitivity_reconstruction	tsnr	fd_mean	-0.795752063056546
later_ecn_sensitivity_reconstruction	tsnr	RT	0.300462552156058
later_ecn_sensitivity_reconstruction	tsnr	young	0.401057022989567
later_ecn_sensitivity_reconstruction	tsnr	old	-0.401057022989568
later_ecn_sensitivity_reconstruction	tsnr	Y_InOut	0.0668912404490119
later_ecn_sensitivity_reconstruction	tsnr	O_InOut	0.00490352525115189
later_ecn_sensitivity_reconstruction	fd_mean	RT	-0.336896928478166
later_ecn_sensitivity_reconstruction	fd_mean	young	-0.672402960180639
later_ecn_sensitivity_reconstruction	fd_mean	old	0.672402960180639
later_ecn_sensitivity_reconstruction	fd_mean	Y_InOut	-0.00668002924130624
later_ecn_sensitivity_reconstruction	fd_mean	O_InOut	0.011820097809377
later_ecn_sensitivity_reconstruction	RT	young	0.418647693882796
later_ecn_sensitivity_reconstruction	RT	old	-0.418647693882796
later_ecn_sensitivity_reconstruction	RT	Y_InOut	-0.00899048956006433
later_ecn_sensitivity_reconstruction	RT	O_InOut	-0.169354831075457
later_ecn_sensitivity_reconstruction	young	old	-1
later_ecn_sensitivity_reconstruction	young	Y_InOut	-0.0436696780975046
later_ecn_sensitivity_reconstruction	young	O_InOut	-0.0398274991529931
later_ecn_sensitivity_reconstruction	old	Y_InOut	0.0436696780975046
later_ecn_sensitivity_reconstruction	old	O_InOut	0.0398274991529931
later_ecn_sensitivity_reconstruction	Y_InOut	O_InOut	0.00173925406743984
