template	input_index	npts_declared	analysis_type	cope	source_path
templates/L3_template_n47_ultimatum_onegroup.fsf	34	47	REPLACEME	COPENUM	/data/projects/srndna-ultimatum/derivatives/fsl/sub-143/L2_task-ultimatum_model-02_REPLACEME_sm-6.gfeat/copeCOPENUM.feat/stats/cope1.nii.gz
templates/L3_template_n47_ultimatum_twogroup.fsf	34	47	REPLACEME	COPENUM	/data/projects/srndna-ultimatum/derivatives/fsl/sub-143/L2_task-ultimatum_model-02_REPLACEME_sm-6.gfeat/copeCOPENUM.feat/stats/cope1.nii.gz
templates/L3_template_n47_ultimatum_twogroup_wCovs.fsf	34	47	REPLACEME	COPENUM	/data/projects/srndna-ultimatum/derivatives/fsl/sub-143/L2_task-ultimatum_model-02_REPLACEME_sm-6.gfeat/copeCOPENUM.feat/stats/cope1.nii.gz
legacy/jen_working_tree/templates/L3_task-ultimatum_type-act_InOut_age_main.fsf	34	94	type-act	4	/ZPOOL/data/projects/srndna-ultimatum/derivatives/fsl/sub-143/L2_task-ultimatum_model-02_type-act_sm-6.gfeat/cope4.feat/stats/cope1.nii.gz
legacy/jen_working_tree/templates/L3_task-ultimatum_type-act_InOut_age_main.fsf	81	94	type-act	6	/ZPOOL/data/projects/srndna-ultimatum/derivatives/fsl/sub-143/L2_task-ultimatum_model-02_type-act_sm-6.gfeat/cope6.feat/stats/cope1.nii.gz
legacy/jen_working_tree/templates/L3_task-ultimatum_type-act_InOut_age_sens.fsf	34	94	type-act	4	/ZPOOL/data/projects/srndna-ultimatum/derivatives/fsl/sub-143/L2_task-ultimatum_model-02_type-act_sm-6.gfeat/cope4.feat/stats/cope1.nii.gz
legacy/jen_working_tree/templates/L3_task-ultimatum_type-act_InOut_age_sens.fsf	81	94	type-act	6	/ZPOOL/data/projects/srndna-ultimatum/derivatives/fsl/sub-143/L2_task-ultimatum_model-02_type-act_sm-6.gfeat/cope6.feat/stats/cope1.nii.gz
legacy/jen_working_tree/templates/L3_task-ultimatum_type-nppi-dmn_InOut_age_main.fsf	34	94	type-nppi-dmn	4	/ZPOOL/data/projects/srndna-ultimatum/derivatives/fsl/sub-143/L2_task-ultimatum_model-02_type-nppi-dmn_sm-6.gfeat/cope4.feat/stats/cope1.nii.gz
legacy/jen_working_tree/templates/L3_task-ultimatum_type-nppi-dmn_InOut_age_main.fsf	81	94	type-nppi-dmn	6	/ZPOOL/data/projects/srndna-ultimatum/derivatives/fsl/sub-143/L2_task-ultimatum_model-02_type-nppi-dmn_sm-6.gfeat/cope6.feat/stats/cope1.nii.gz
legacy/jen_working_tree/templates/L3_task-ultimatum_type-nppi-dmn_InOut_age_sens.fsf	34	94	type-nppi-dmn	4	/ZPOOL/data/projects/srndna-ultimatum/derivatives/fsl/sub-143/L2_task-ultimatum_model-02_type-nppi-dmn_sm-6.gfeat/cope4.feat/stats/cope1.nii.gz
legacy/jen_working_tree/templates/L3_task-ultimatum_type-nppi-dmn_InOut_age_sens.fsf	81	94	type-nppi-dmn	6	/ZPOOL/data/projects/srndna-ultimatum/derivatives/fsl/sub-143/L2_task-ultimatum_model-02_type-nppi-dmn_sm-6.gfeat/cope6.feat/stats/cope1.nii.gz
legacy/jen_working_tree/templates/L3_task-ultimatum_type-nppi-ecn_InOut_age_main.fsf	34	94	type-nppi-ecn	4	/ZPOOL/data/projects/srndna-ultimatum/derivatives/fsl/sub-143/L2_task-ultimatum_model-02_type-nppi-ecn_sm-6.gfeat/cope4.feat/stats/cope1.nii.gz
legacy/jen_working_tree/templates/L3_task-ultimatum_type-nppi-ecn_InOut_age_main.fsf	81	94	type-nppi-ecn	6	/ZPOOL/data/projects/srndna-ultimatum/derivatives/fsl/sub-143/L2_task-ultimatum_model-02_type-nppi-ecn_sm-6.gfeat/cope6.feat/stats/cope1.nii.gz
legacy/jen_working_tree/templates/L3_task-ultimatum_type-nppi-ecn_InOut_age_sens.fsf	34	94	type-nppi-ecn	4	/ZPOOL/data/projects/srndna-ultimatum/derivatives/fsl/sub-143/L2_task-ultimatum_model-02_type-nppi-ecn_sm-6.gfeat/cope4.feat/stats/cope1.nii.gz
legacy/jen_working_tree/templates/L3_task-ultimatum_type-nppi-ecn_InOut_age_sens.fsf	81	94	type-nppi-ecn	6	/ZPOOL/data/projects/srndna-ultimatum/derivatives/fsl/sub-143/L2_task-ultimatum_model-02_type-nppi-ecn_sm-6.gfeat/cope6.feat/stats/cope1.nii.gz
legacy/jen_working_tree/templates/L3_template_n47_ug_twogroup_wCovs_in-out_norm2_logit.fsf	34	47	REPLACEME	COPENUM	/ZPOOL/data/projects/srndna-ultimatum/derivatives/fsl/sub-143/L2_task-ultimatum_model-02_REPLACEME_sm-6.gfeat/copeCOPENUM.feat/stats/cope1.nii.gz
legacy/jen_working_tree/templates/L3_template_n47_ug_twogroup_wCovs_in-out_norm2full_logit.fsf	34	47	REPLACEME	COPENUM	/ZPOOL/data/projects/srndna-ultimatum/derivatives/fsl/sub-143/L2_task-ultimatum_model-02_REPLACEME_sm-6.gfeat/copeCOPENUM.feat/stats/cope1.nii.gz
legacy/jen_working_tree/templates/L3_template_n47_ug_twogroup_wCovs_in-out_sensitivity2_logit.fsf	34	47	REPLACEME	COPENUM	/ZPOOL/data/projects/srndna-ultimatum/derivatives/fsl/sub-143/L2_task-ultimatum_model-02_REPLACEME_sm-6.gfeat/copeCOPENUM.feat/stats/cope1.nii.gz
legacy/jen_working_tree/templates/L3_template_n47_ug_twogroup_wCovs_in-out_sensitivity2_logit_yoke.fsf	34	47	REPLACEME	COPENUM	/ZPOOL/data/projects/srndna-ultimatum/derivatives/fsl/sub-143/L2_task-ultimatum_model-02_REPLACEME_sm-6.gfeat/copeCOPENUM.feat/stats/cope1.nii.gz
legacy/jen_working_tree/templates/L3_template_n47_ug_twogroup_wCovs_in-out_sensitivity2_prob.fsf	34	47	REPLACEME	COPENUM	/ZPOOL/data/projects/srndna-ultimatum/derivatives/fsl/sub-143/L2_task-ultimatum_model-02_REPLACEME_sm-6.gfeat/copeCOPENUM.feat/stats/cope1.nii.gz
legacy/jen_working_tree/templates/L3_template_n47_ug_twogroup_wCovs_yoke.fsf	34	47	REPLACEME	COPENUM	/ZPOOL/data/projects/srndna-ultimatum/derivatives/fsl/sub-143/L2_task-ultimatum_model-02_REPLACEME_sm-6.gfeat/copeCOPENUM.feat/stats/cope1.nii.gz
legacy/jen_working_tree/templates/L3_template_n47_ultimatum_onegroup.fsf	34	47	REPLACEME	COPENUM	/ZPOOL/data/projects/srndna-ultimatum/derivatives/fsl/sub-143/L2_task-ultimatum_model-02_REPLACEME_sm-6.gfeat/copeCOPENUM.feat/stats/cope1.nii.gz
legacy/jen_working_tree/templates/L3_template_n47_ultimatum_twogroup.fsf	34	47	REPLACEME	COPENUM	/ZPOOL/data/projects/srndna-ultimatum/derivatives/fsl/sub-143/L2_task-ultimatum_model-02_REPLACEME_sm-6.gfeat/copeCOPENUM.feat/stats/cope1.nii.gz
legacy/jen_working_tree/templates/L3_template_n47_ultimatum_twogroup_wCovs.fsf	34	47	REPLACEME	COPENUM	/ZPOOL/data/projects/srndna-ultimatum/derivatives/fsl/sub-143/L2_task-ultimatum_model-02_REPLACEME_sm-6.gfeat/copeCOPENUM.feat/stats/cope1.nii.gz
legacy/jen_working_tree/templates/archive/L3_template_n47_ug_twogroup_wCovs_hum-com_alpha.fsf	34	47	REPLACEME	COPENUM	/ZPOOL/data/projects/srndna-ultimatum/derivatives/fsl/sub-143/L2_task-ultimatum_model-02_REPLACEME_sm-6.gfeat/copeCOPENUM.feat/stats/cope1.nii.gz
legacy/jen_working_tree/templates/archive/L3_template_n47_ug_twogroup_wCovs_hum-com_epsilon.fsf	34	47	REPLACEME	COPENUM	/ZPOOL/data/projects/srndna-ultimatum/derivatives/fsl/sub-143/L2_task-ultimatum_model-02_REPLACEME_sm-6.gfeat/copeCOPENUM.feat/stats/cope1.nii.gz
legacy/jen_working_tree/templates/archive/L3_template_n47_ug_twogroup_wCovs_in-computer_rej.fsf	34	47	REPLACEME	COPENUM	/ZPOOL/data/projects/srndna-ultimatum/derivatives/fsl/sub-143/L2_task-ultimatum_model-02_REPLACEME_sm-6.gfeat/copeCOPENUM.feat/stats/cope1.nii.gz
legacy/jen_working_tree/templates/archive/L3_template_n47_ug_twogroup_wCovs_in-out_alpha.fsf	34	47	REPLACEME	COPENUM	/ZPOOL/data/projects/srndna-ultimatum/derivatives/fsl/sub-143/L2_task-ultimatum_model-02_REPLACEME_sm-6.gfeat/copeCOPENUM.feat/stats/cope1.nii.gz
legacy/jen_working_tree/templates/archive/L3_template_n47_ug_twogroup_wCovs_in-out_epsilon.fsf	34	47	REPLACEME	COPENUM	/ZPOOL/data/projects/srndna-ultimatum/derivatives/fsl/sub-143/L2_task-ultimatum_model-02_REPLACEME_sm-6.gfeat/copeCOPENUM.feat/stats/cope1.nii.gz
legacy/jen_working_tree/templates/archive/L3_template_n47_ug_twogroup_wCovs_in-out_norm.fsf	34	47	REPLACEME	COPENUM	/ZPOOL/data/projects/srndna-ultimatum/derivatives/fsl/sub-143/L2_task-ultimatum_model-02_REPLACEME_sm-6.gfeat/copeCOPENUM.feat/stats/cope1.nii.gz
legacy/jen_working_tree/templates/archive/L3_template_n47_ug_twogroup_wCovs_in-out_rej.fsf	34	47	REPLACEME	COPENUM	/ZPOOL/data/projects/srndna-ultimatum/derivatives/fsl/sub-143/L2_task-ultimatum_model-02_REPLACEME_sm-6.gfeat/copeCOPENUM.feat/stats/cope1.nii.gz
legacy/jen_working_tree/templates/archive/L3_template_n47_ug_twogroup_wCovs_in-out_sensitivity.fsf	34	47	REPLACEME	COPENUM	/ZPOOL/data/projects/srndna-ultimatum/derivatives/fsl/sub-143/L2_task-ultimatum_model-02_REPLACEME_sm-6.gfeat/copeCOPENUM.feat/stats/cope1.nii.gz
legacy/jen_working_tree/templates/archive/L3_template_n47_ug_twogroup_wCovs_out-computer_rej.fsf	34	47	REPLACEME	COPENUM	/ZPOOL/data/projects/srndna-ultimatum/derivatives/fsl/sub-143/L2_task-ultimatum_model-02_REPLACEME_sm-6.gfeat/copeCOPENUM.feat/stats/cope1.nii.gz
legacy/jen_working_tree/templates/archive/L3_template_n47_ug_twogroup_wCovs_soc-nonsoc_norm2_logit.fsf	34	47	REPLACEME	COPENUM	/ZPOOL/data/projects/srndna-ultimatum/derivatives/fsl/sub-143/L2_task-ultimatum_model-02_REPLACEME_sm-6.gfeat/copeCOPENUM.feat/stats/cope1.nii.gz
legacy/jen_working_tree/templates/archive/L3_template_n47_ug_twogroup_wCovs_soc-nonsoc_rej.fsf	34	47	REPLACEME	COPENUM	/ZPOOL/data/projects/srndna-ultimatum/derivatives/fsl/sub-143/L2_task-ultimatum_model-02_REPLACEME_sm-6.gfeat/copeCOPENUM.feat/stats/cope1.nii.gz
legacy/jen_working_tree/templates/archive/L3_template_n47_ug_twogroup_wCovs_soc-nonsoc_sensitivity2_logit.fsf	34	47	REPLACEME	COPENUM	/ZPOOL/data/projects/srndna-ultimatum/derivatives/fsl/sub-143/L2_task-ultimatum_model-02_REPLACEME_sm-6.gfeat/copeCOPENUM.feat/stats/cope1.nii.gz
legacy/jen_working_tree/templates/archive/L3_template_n47_ug_twogroup_wCovs_soc-nonsoc_sensitivity2_prob.fsf	34	47	REPLACEME	COPENUM	/ZPOOL/data/projects/srndna-ultimatum/derivatives/fsl/sub-143/L2_task-ultimatum_model-02_REPLACEME_sm-6.gfeat/copeCOPENUM.feat/stats/cope1.nii.gz
legacy/jen_working_tree/templates/yoke_3/L3_task-ug_type-act_copenum-7_twogroup_wCovs_in-out_sensitivity2_yoke.fsf	34	47	type-act	7	/ZPOOL/data/projects/srndna-ultimatum/derivatives/fsl/sub-143/L2_task-ultimatum_model-02_type-act_sm-6.gfeat/cope7.feat/stats/cope1.nii.gz
legacy/jen_working_tree/templates/yoke_3/L3_task-ug_type-nppi-dmn_copenum-7_twogroup_wCovs_in-out_sensitivity2_yoke.fsf	34	47	type-nppi-dmn	7	/ZPOOL/data/projects/srndna-ultimatum/derivatives/fsl/sub-143/L2_task-ultimatum_model-02_type-nppi-dmn_sm-6.gfeat/cope7.feat/stats/cope1.nii.gz
legacy/jen_working_tree/templates/yoke_3/L3_task-ug_type-nppi-ecn_copenum-7_twogroup_wCovs_in-out_sensitivity2_yoke.fsf	34	47	type-nppi-ecn	7	/ZPOOL/data/projects/srndna-ultimatum/derivatives/fsl/sub-143/L2_task-ultimatum_model-02_type-nppi-ecn_sm-6.gfeat/cope7.feat/stats/cope1.nii.gz
legacy/jen_working_tree/templates/yoke_3/L3_task-ultimatum_type-act_copenum-7_twogroup_wCovs_yoke.fsf	34	47	type-act	7	/ZPOOL/data/projects/srndna-ultimatum/derivatives/fsl/sub-143/L2_task-ultimatum_model-02_type-act_sm-6.gfeat/cope7.feat/stats/cope1.nii.gz
legacy/jen_working_tree/templates/yoke_3/L3_task-ultimatum_type-nppi-dmn_copenum-7_twogroup_wCovs_yoke.fsf	34	47	type-nppi-dmn	7	/ZPOOL/data/projects/srndna-ultimatum/derivatives/fsl/sub-143/L2_task-ultimatum_model-02_type-nppi-dmn_sm-6.gfeat/cope7.feat/stats/cope1.nii.gz
legacy/jen_working_tree/templates/yoke_3/L3_task-ultimatum_type-nppi-ecn_copenum-7_twogroup_wCovs_yoke.fsf	34	47	type-nppi-ecn	7	/ZPOOL/data/projects/srndna-ultimatum/derivatives/fsl/sub-143/L2_task-ultimatum_model-02_type-nppi-ecn_sm-6.gfeat/cope7.feat/stats/cope1.nii.gz
