path	bytes	sha256	source	disposition
README.md	967	ef9961b1a44cc0e07afc1fbd9c70c596c40ea7e06765457dfa0a32a5d7ee878b	DVS-Lab/srndna-ug	quarantined_not_an_execution_entry_point
templates/L1_task-ultimatum_model-02_type-act_addCon.fsf	46402	5b3e290616d6d71569d6b31326b3b1e7d65ad4270a873e4a985be0cdf485a491	DVS-Lab/srndna-ug	quarantined_not_an_execution_entry_point
templates/L3_task-ultimatum_type-act_InOut_age_main.fsf	95990	6d74b330af547c91438b046e6fea26dc48e8cbaa4aa4383f6aa68d790895e383	DVS-Lab/srndna-ug	quarantined_not_an_execution_entry_point
templates/L3_task-ultimatum_type-act_InOut_age_sens.fsf	130872	12c6d78a6fc433dad72595429a6db173eaa8e1d6775de34dc018a2861e1b2055	DVS-Lab/srndna-ug	quarantined_not_an_execution_entry_point
templates/L3_task-ultimatum_type-nppi-dmn_InOut_age_main.fsf	96465	7cc005e225db532c24be9d588514a103e4185aea6223fb43a8697422c8c8afea	DVS-Lab/srndna-ug	quarantined_not_an_execution_entry_point
templates/L3_task-ultimatum_type-nppi-dmn_InOut_age_sens.fsf	131347	1a4bc3538414d81a42b71ea5ff1bc927b4bcf444d199d5a4b3ba4929314aacdd	DVS-Lab/srndna-ug	quarantined_not_an_execution_entry_point
templates/L3_task-ultimatum_type-nppi-ecn_InOut_age_main.fsf	96465	52503f2e10d94d71bc8efc9c4090bc2f4e9a319585cc667bb2b4cb056c77caf0	DVS-Lab/srndna-ug	quarantined_not_an_execution_entry_point
templates/L3_task-ultimatum_type-nppi-ecn_InOut_age_sens.fsf	131347	5b090081662e4e6cbeda3ced8098d7e781f44bdc833980b21c250f5567ebbbd4	DVS-Lab/srndna-ug	quarantined_not_an_execution_entry_point
templates/L3_template_n47_ug_twogroup_wCovs_in-out_norm2_logit.fsf	64611	bce8503715dfa4dadce27946138bc55683fd6280a324ad3ac8a7fb8f32e11b5e	DVS-Lab/srndna-ug	quarantined_not_an_execution_entry_point
templates/L3_template_n47_ug_twogroup_wCovs_in-out_norm2full_logit.fsf	64621	f8abdf03dec139be32988e8f3ffa7debd505d6f50c6b07254afca63a2e09a801	DVS-Lab/srndna-ug	quarantined_not_an_execution_entry_point
templates/L3_template_n47_ug_twogroup_wCovs_in-out_sensitivity2_logit.fsf	64640	70a9dfd718cc892658f6cacc6e026f556c3054ed8fb2e1b3e9a7526892ec336a	DVS-Lab/srndna-ug	quarantined_not_an_execution_entry_point
templates/L3_template_n47_ug_twogroup_wCovs_in-out_sensitivity2_logit_yoke.fsf	73375	e48e486d9d37d37174ee4caa329f1bc235fac841921e9ac0b24abdf9f96039c6	DVS-Lab/srndna-ug	quarantined_not_an_execution_entry_point
templates/L3_template_n47_ug_twogroup_wCovs_in-out_sensitivity2_prob.fsf	64663	766d38e431e59cd75f12ae482637c0f30210cf79df4abe8b01d9b481a7ce7cf9	DVS-Lab/srndna-ug	quarantined_not_an_execution_entry_point
templates/L3_template_n47_ug_twogroup_wCovs_yoke.fsf	53003	cbb41ee5b8ace5a9a56ab4b5470f71b83688fd66217b4960cfcea0ac79e294e6	DVS-Lab/srndna-ug	quarantined_not_an_execution_entry_point
templates/L3_template_n47_ultimatum_onegroup.fsf	22786	e35fe4a675dfa1948532f6a60492cf215a0839ae4603478b316927bd3c9eedf3	DVS-Lab/srndna-ug	quarantined_not_an_execution_entry_point
templates/L3_template_n47_ultimatum_twogroup.fsf	28366	b3afd8161631c1444fe4a6ab7ca2f10c748c3e2360369db26affc01ae49ad6da	DVS-Lab/srndna-ug	quarantined_not_an_execution_entry_point
templates/L3_template_n47_ultimatum_twogroup_wCovs.fsf	49133	8e65ed20a550f0a5fd4b419b55975db29ea2c5859fe16197ad251bbda3efd140	DVS-Lab/srndna-ug	quarantined_not_an_execution_entry_point
templates/README.md	730	0b7737f0853e181fdc65066b93ef4ee5cbbfc801315712091399b1add04e40a8	DVS-Lab/srndna-ug	quarantined_not_an_execution_entry_point
templates/archive/L3_template_n47_ug_twogroup_wCovs_hum-com_alpha.fsf	55531	e7fa9563d4288090c9c723811d2b99ddcafe22b9f23d08de7a02aa27d098291c	DVS-Lab/srndna-ug	quarantined_not_an_execution_entry_point
templates/archive/L3_template_n47_ug_twogroup_wCovs_hum-com_epsilon.fsf	55627	3f2f7b1bf460c109b7ad94b34cadafcee50b64cfb669967aa420eb22151f7056	DVS-Lab/srndna-ug	quarantined_not_an_execution_entry_point
templates/archive/L3_template_n47_ug_twogroup_wCovs_in-computer_rej.fsf	56267	4d980a2b6419c8eccdc4c25b6414217f30012ab1f65b2088259d3ccc4ccaefc6	DVS-Lab/srndna-ug	quarantined_not_an_execution_entry_point
templates/archive/L3_template_n47_ug_twogroup_wCovs_in-out_alpha.fsf	55548	6f8393aa431366687b085a99e200cdfc1d72245f2ae09119baaecfb06a14bb39	DVS-Lab/srndna-ug	quarantined_not_an_execution_entry_point
templates/archive/L3_template_n47_ug_twogroup_wCovs_in-out_epsilon.fsf	55677	ee349b1be5f0f5af5bf9d2fca0a244d1027b6279bb9e28deed0eb51af935fe6d	DVS-Lab/srndna-ug	quarantined_not_an_execution_entry_point
templates/archive/L3_template_n47_ug_twogroup_wCovs_in-out_norm.fsf	64653	176429c7121e82670c63a6026fbe8a3d4f0939f9db4b31c36218a0a7c90f7b70	DVS-Lab/srndna-ug	quarantined_not_an_execution_entry_point
templates/archive/L3_template_n47_ug_twogroup_wCovs_in-out_rej.fsf	64682	85b6eaaf68318579803500df3a43f9b1854af61bbdefb448651bb57df34dfb49	DVS-Lab/srndna-ug	quarantined_not_an_execution_entry_point
templates/archive/L3_template_n47_ug_twogroup_wCovs_in-out_sensitivity.fsf	64707	c997d42426dffb3f8eff87826b608cca5f1e2ebda0b0772d7071ed8498544c61	DVS-Lab/srndna-ug	quarantined_not_an_execution_entry_point
templates/archive/L3_template_n47_ug_twogroup_wCovs_out-computer_rej.fsf	56274	a3cc31b264b407530ddd2ea4ee06285cf319ee1552695782231b617f37ad6360	DVS-Lab/srndna-ug	quarantined_not_an_execution_entry_point
templates/archive/L3_template_n47_ug_twogroup_wCovs_soc-nonsoc_norm2_logit.fsf	64597	b6f4bb1244eadbb958b478a466ae50409a2dbc98e50b1b49b4b1e54a29b6120b	DVS-Lab/srndna-ug	quarantined_not_an_execution_entry_point
templates/archive/L3_template_n47_ug_twogroup_wCovs_soc-nonsoc_rej.fsf	56297	755b16e72a437b23cae2a1fd047acc636f2c94d2583fe41c630666a558d4290f	DVS-Lab/srndna-ug	quarantined_not_an_execution_entry_point
templates/archive/L3_template_n47_ug_twogroup_wCovs_soc-nonsoc_sensitivity2_logit.fsf	64629	04d19490720bb850bbdcbb67ad7b13aed535d3156cce2188c9752ca837b46882	DVS-Lab/srndna-ug	quarantined_not_an_execution_entry_point
templates/archive/L3_template_n47_ug_twogroup_wCovs_soc-nonsoc_sensitivity2_prob.fsf	64629	04d19490720bb850bbdcbb67ad7b13aed535d3156cce2188c9752ca837b46882	DVS-Lab/srndna-ug	quarantined_not_an_execution_entry_point
templates/yoke_3/L3_task-ug_type-act_copenum-7_twogroup_wCovs_in-out_sensitivity2_yoke.fsf	73179	0fdc8aecb5cf651d47de5f23748df2d22e052178bf564e2652c9923ac47a2afe	DVS-Lab/srndna-ug	quarantined_not_an_execution_entry_point
templates/yoke_3/L3_task-ug_type-nppi-dmn_copenum-7_twogroup_wCovs_in-out_sensitivity2_yoke.fsf	73419	af081a8d77c74dab88089bfb8ebb4744c5ed911a8e2a1cf9034e99a0ffa83c79	DVS-Lab/srndna-ug	quarantined_not_an_execution_entry_point
templates/yoke_3/L3_task-ug_type-nppi-ecn_copenum-7_twogroup_wCovs_in-out_sensitivity2_yoke.fsf	73419	79e33c11b9572767efcff0ee24c12330afe168bd674c6df3faf8aa5ba4160ca3	DVS-Lab/srndna-ug	quarantined_not_an_execution_entry_point
templates/yoke_3/L3_task-ultimatum_type-act_copenum-7_twogroup_wCovs_yoke.fsf	52501	98d782d2d6a47ef188bc13f300ad9e6308e846cc28322520f14bfa3a6e8fe571	DVS-Lab/srndna-ug	quarantined_not_an_execution_entry_point
templates/yoke_3/L3_task-ultimatum_type-nppi-dmn_copenum-7_twogroup_wCovs_yoke.fsf	52741	1514293b13bb24cd3166acbd4d68f54ff9647256bd400632a48a0a5988c05199	DVS-Lab/srndna-ug	quarantined_not_an_execution_entry_point
templates/yoke_3/L3_task-ultimatum_type-nppi-ecn_copenum-7_twogroup_wCovs_yoke.fsf	52741	198416a0c91f96b28ddeba722684031c51061abc7cfb4da1f7f2f766b3fd2b70	DVS-Lab/srndna-ug	quarantined_not_an_execution_entry_point
